{
    "root_group": {
        "groups": {},
        "checks": {
                "status was 200": {
                    "name": "status was 200",
                    "path": "::status was 200",
                    "id": "1461660757a913d4fb82ac4c5e1009de",
                    "passes": 99,
                    "fails": 1
                }
            },
        "name": "",
        "path": "",
        "id": "d41d8cd98f00b204e9800998ecf8427e"
    },
    "metrics": {
        "data_received": {
            "count": 7566,
            "rate": 1796.0436050711385
        },
        "http_req_duration{expected_response:true}": {
            "avg": 3292.049930303031,
            "min": 464.4323,
            "med": 3399.1827,
            "max": 4180.7135,
            "p(90)": 4031.02704,
            "p(95)": 4102.77963
        },
        "checks": {
            "passes": 99,
            "fails": 1,
            "value": 0.99
        },
        "iterations": {
            "count": 100,
            "rate": 23.738350582489275
        },
        "http_req_tls_handshaking": {
            "avg": 0,
            "min": 0,
            "med": 0,
            "max": 0,
            "p(90)": 0,
            "p(95)": 0
        },
        "http_req_sending": {
            "avg": 1.230737,
            "min": 0,
            "med": 0,
            "max": 33.7439,
            "p(90)": 1.0223,
            "p(95)": 1.3047349999999978
        },
        "http_req_connecting": {
            "avg": 10.373994999999994,
            "min": 0,
            "med": 6.54665,
            "max": 41.334,
            "p(90)": 21.89036000000001,
            "p(95)": 23.34120999999997
        },
        "iteration_duration": {
            "max": 4212.5926,
            "p(90)": 4060.07324,
            "p(95)": 4146.48529,
            "avg": 3300.580961999999,
            "min": 490.0151,
            "med": 3438.3948499999997
        },
        "http_reqs": {
            "count": 100,
            "rate": 23.738350582489275
        },
        "http_req_receiving": {
            "p(90)": 0.52189,
            "p(95)": 0.5412,
            "avg": 0.09167700000000002,
            "min": 0,
            "med": 0,
            "max": 1.5525
        },
        "vus_max": {
            "value": 100,
            "min": 100,
            "max": 100
        },
        "http_req_waiting": {
            "p(90)": 4030.33387,
            "p(95)": 4094.7061249999997,
            "avg": 3263.6701230000017,
            "min": 463.1653,
            "med": 3390.1716,
            "max": 4180.7135
        },
        "http_req_failed": {
            "passes": 1,
            "fails": 99,
            "value": 0.01
        },
        "data_sent": {
            "count": 19400,
            "rate": 4605.240013002919
        },
        "http_req_duration": {
            "avg": 3264.992537000001,
            "min": 464.4323,
            "med": 3390.69845,
            "max": 4180.7135,
            "p(90)": 4030.33387,
            "p(95)": 4101.811365
        },
        "http_req_blocked": {
            "avg": 35.55828399999999,
            "min": 22.1311,
            "med": 31.3467,
            "max": 78.7474,
            "p(90)": 44.53383000000001,
            "p(95)": 76.23168
        },
        "vus": {
            "min": 15,
            "max": 97,
            "value": 15
        }
    }
}